{"_timestamp":1.7584094962692604e+09,"_runtime":0.562368975,"_step":7,"_wandb":{"runtime":0},"acc":0.8888295509279053,"loss":0.17183044172717649}