{"loss":0.1485397400117363,"_wandb":{"runtime":1},"_timestamp":1.7584094939514327e+09,"_runtime":1.364094438,"_step":7,"acc":0.9330432086581169}