{"_wandb":{"runtime":0},"loss":0.1318925744192128,"_timestamp":1.7584095010562546e+09,"_runtime":0.646571325,"_step":7,"acc":0.9600750704372659}