{"loss":0.045003139764920444,"_timestamp":1.7584095034214792e+09,"_runtime":0.573685033,"_step":7,"_wandb":{"runtime":0},"acc":0.8684772957682375}