{"_wandb":{"runtime":0},"_step":7,"acc":0.8686406623454361,"loss":0.041833167683338314,"_timestamp":1.7584094986860557e+09,"_runtime":0.693313311}